{
  "0.1": {
    "peak_dt": 3.8965043461532516,
    "peak_dt_std": 0.0,
    "median_dt": 3.8948723531462557,
    "median_dt_std": 0.0,
    "hit_rate": 6.38766946479568,
    "hit_rate_std": 0.0,
    "flash_write_traffic_gb": 0,
    "flash_write_traffic_gb_std": 0.0,
    "chunk_hits": 197861.0,
    "chunk_hits_std": 0.0,
    "chunk_queries": 3097546.0,
    "chunk_queries_std": 0.0
  },
  "0.25": {
    "peak_dt": 3.8965043461532516,
    "peak_dt_std": 0.0,
    "median_dt": 3.8948723531462557,
    "median_dt_std": 0.0,
    "hit_rate": 6.38766946479568,
    "hit_rate_std": 0.0,
    "flash_write_traffic_gb": 0,
    "flash_write_traffic_gb_std": 0.0,
    "chunk_hits": 197861.0,
    "chunk_hits_std": 0.0,
    "chunk_queries": 3097546.0,
    "chunk_queries_std": 0.0
  },
  "0.5": {
    "peak_dt": 3.8965043461532516,
    "peak_dt_std": 0.0,
    "median_dt": 3.8948723531462557,
    "median_dt_std": 0.0,
    "hit_rate": 6.38766946479568,
    "hit_rate_std": 0.0,
    "flash_write_traffic_gb": 0,
    "flash_write_traffic_gb_std": 0.0,
    "chunk_hits": 197861.0,
    "chunk_hits_std": 0.0,
    "chunk_queries": 3097546.0,
    "chunk_queries_std": 0.0
  },
  "1.0": {
    "peak_dt": 3.8965043461532516,
    "peak_dt_std": 0.0,
    "median_dt": 3.8948723531462557,
    "median_dt_std": 0.0,
    "hit_rate": 6.38766946479568,
    "hit_rate_std": 0.0,
    "flash_write_traffic_gb": 0,
    "flash_write_traffic_gb_std": 0.0,
    "chunk_hits": 197861.0,
    "chunk_hits_std": 0.0,
    "chunk_queries": 3097546.0,
    "chunk_queries_std": 0.0
  },
  "2.5": {
    "peak_dt": 3.7718794335659727,
    "peak_dt_std": 0.0,
    "median_dt": 3.7692614265729874,
    "median_dt_std": 0.0,
    "hit_rate": 9.254680963575682,
    "hit_rate_std": 0.0,
    "flash_write_traffic_gb": 0,
    "flash_write_traffic_gb_std": 0.0,
    "chunk_hits": 286668.0,
    "chunk_hits_std": 0.0,
    "chunk_queries": 3097546.0,
    "chunk_queries_std": 0.0
  },
  "5.0": {
    "peak_dt": 3.7718794335659727,
    "peak_dt_std": 0.0,
    "median_dt": 3.7692614265729874,
    "median_dt_std": 0.0,
    "hit_rate": 9.254680963575682,
    "hit_rate_std": 0.0,
    "flash_write_traffic_gb": 0,
    "flash_write_traffic_gb_std": 0.0,
    "chunk_hits": 286668.0,
    "chunk_hits_std": 0.0,
    "chunk_queries": 3097546.0,
    "chunk_queries_std": 0.0
  }
}